,subreddit
1742,0
893,0
892,0
956,0
1329,0
839,0
730,1
1272,0
1231,0
134,1
1093,0
97,1
968,0
835,0
84,1
1460,0
1367,0
452,1
234,1
1189,0
1371,0
1118,0
1344,0
1675,0
1737,0
1514,0
1483,0
947,0
268,1
72,1
363,1
694,1
1092,0
1403,0
909,0
1431,0
1626,0
1184,0
233,1
537,1
1161,0
929,0
285,1
1605,0
286,1
1313,0
985,0
490,1
1384,0
330,1
652,1
776,1
1468,0
842,0
412,1
735,1
190,1
141,1
703,1
936,0
887,0
7,1
1088,0
245,1
422,1
522,1
1606,0
55,1
905,0
398,1
1331,0
1368,0
1555,0
1643,0
1206,0
1666,0
898,0
1586,0
847,0
1613,0
1370,0
1185,0
462,1
473,1
1153,0
1435,0
952,0
1512,0
1044,0
583,1
118,1
1132,0
1265,0
340,1
1383,0
624,1
1549,0
507,1
451,1
997,0
1299,0
554,1
739,1
189,1
1278,0
1283,0
1228,0
662,1
895,0
239,1
888,0
1007,0
1433,0
309,1
57,1
185,1
565,1
387,1
1063,0
1545,0
1022,0
1536,0
1030,0
681,1
928,0
812,1
1482,0
43,1
1003,0
1200,0
1332,0
1094,0
183,1
252,1
579,1
964,0
639,1
1739,0
977,0
1119,0
883,0
1576,0
264,1
1256,0
113,1
1462,0
1249,0
192,1
771,1
1651,0
984,0
840,0
1209,0
1694,0
769,1
298,1
464,1
656,1
1490,0
1763,0
1146,0
75,1
1012,0
152,1
1618,0
292,1
591,1
240,1
1517,0
1067,0
1760,0
92,1
772,1
365,1
154,1
1163,0
463,1
1176,0
1239,0
304,1
1705,0
1297,0
1748,0
53,1
1289,0
871,0
562,1
361,1
1408,0
592,1
302,1
1213,0
441,1
1061,0
534,1
1447,0
300,1
1584,0
1202,0
1226,0
200,1
1484,0
254,1
1638,0
159,1
203,1
627,1
135,1
713,1
1697,0
1160,0
926,0
1135,0
935,0
863,0
150,1
1729,0
941,0
17,1
485,1
1659,0
162,1
678,1
950,0
432,1
1345,0
646,1
29,1
1080,0
1201,0
1195,0
303,1
1753,0
834,0
170,1
1610,0
983,0
1412,0
1417,0
177,1
1419,0
109,1
673,1
911,0
1322,0
1712,0
204,1
1014,0
1172,0
1757,0
315,1
71,1
1669,0
199,1
869,0
1237,0
1676,0
1027,0
813,1
1089,0
173,1
273,1
443,1
1407,0
545,1
478,1
415,1
1174,0
145,1
921,0
188,1
182,1
98,1
850,0
13,1
882,0
1353,0
1575,0
594,1
1719,0
619,1
1443,0
236,1
1709,0
255,1
66,1
728,1
1635,0
633,1
165,1
1612,0
1731,0
453,1
971,0
61,1
907,0
876,0
169,1
696,1
1664,0
1577,0
1415,0
1681,0
438,1
338,1
491,1
1713,0
416,1
1280,0
637,1
51,1
287,1
289,1
487,1
925,0
1487,0
496,1
986,0
737,1
1553,0
425,1
34,1
1583,0
670,1
1535,0
313,1
90,1
1005,0
334,1
1129,0
1275,0
576,1
1271,0
207,1
1466,0
433,1
411,1
520,1
974,0
248,1
1588,0
567,1
1437,0
1016,0
102,1
1488,0
1327,0
191,1
1759,0
1133,0
1358,0
1240,0
1418,0
1112,0
747,1
996,0
618,1
263,1
589,1
45,1
208,1
1070,0
508,1
297,1
1142,0
369,1
1251,0
1567,0
122,1
397,1
1335,0
1166,0
1128,0
1076,0
1764,0
616,1
711,1
630,1
1475,0
1164,0
733,1
1592,0
1492,0
168,1
1130,0
763,1
1028,0
544,1
712,1
226,1
353,1
107,1
1634,0
1519,0
575,1
332,1
1423,0
247,1
1136,0
1,1
1746,0
1568,0
745,1
718,1
124,1
1524,0
738,1
1043,0
120,1
1389,0
1186,0
564,1
153,1
1098,0
875,0
1767,0
79,1
751,1
1107,0
314,1
1679,0
2,1
837,0
932,0
1529,0
386,1
1391,0
1706,0
211,1
125,1
524,1
1589,0
1116,0
1734,0
832,0
111,1
1686,0
610,1
119,1
1455,0
1450,0
1599,0
708,1
1268,0
916,0
1582,0
1059,0
336,1
1348,0
671,1
1411,0
324,1
629,1
249,1
1109,0
790,1
1227,0
1718,0
1470,0
1183,0
1274,0
19,1
948,0
1113,0
899,0
81,1
1301,0
764,1
1137,0
1366,0
1571,0
439,1
540,1
1057,0
1069,0
874,0
1262,0
625,1
444,1
481,1
437,1
1426,0
1452,0
868,0
56,1
1168,0
1436,0
1581,0
1060,0
1087,0
1360,0
394,1
1527,0
744,1
541,1
357,1
198,1
755,1
1141,0
1214,0
403,1
1241,0
1318,0
1309,0
910,0
807,1
492,1
552,1
844,0
1031,0
1715,0
231,1
372,1
35,1
865,0
261,1
706,1
1621,0
1361,0
442,1
1400,0
368,1
1220,0
1314,0
720,1
878,0
1422,0
501,1
26,1
166,1
1543,0
1597,0
906,0
1143,0
151,1
599,1
1036,0
1192,0
729,1
472,1
897,0
1497,0
262,1
1401,0
1167,0
305,1
374,1
638,1
1673,0
426,1
918,0
1253,0
380,1
456,1
999,0
1494,0
128,1
257,1
1726,0
1525,0
1139,0
1563,0
219,1
1091,0
1040,0
849,0
1246,0
466,1
175,1
1362,0
1743,0
1315,0
1716,0
1045,0
11,1
396,1
244,1
757,1
811,1
213,1
1499,0
143,1
1587,0
1026,0
1510,0
488,1
1222,0
530,1
1035,0
205,1
123,1
940,0
1269,0
1068,0
59,1
861,0
1082,0
792,1
1248,0
21,1
1115,0
1674,0
469,1
93,1
995,0
1285,0
1110,0
1196,0
782,1
311,1
519,1
1261,0
1100,0
429,1
1489,0
535,1
1465,0
511,1
1010,0
352,1
106,1
484,1
1375,0
1500,0
383,1
1077,0
994,0
1560,0
1640,0
335,1
1416,0
47,1
667,1
886,0
356,1
1052,0
680,1
1230,0
1667,0
1454,0
1628,0
1122,0
278,1
1008,0
69,1
614,1
32,1
483,1
643,1
1277,0
307,1
27,1
91,1
246,1
1207,0
1011,0
221,1
851,0
559,1
428,1
280,1
1754,0
382,1
1732,0
30,1
1050,0
70,1
945,0
1722,0
407,1
982,0
1155,0
402,1
1404,0
572,1
1252,0
271,1
1428,0
1619,0
1310,0
1509,0
1296,0
1698,0
1434,0
1158,0
23,1
251,1
49,1
759,1
1751,0
64,1
446,1
781,1
607,1
331,1
1150,0
1263,0
347,1
1144,0
1264,0
1463,0
858,0
486,1
1165,0
480,1
1279,0
414,1
31,1
1747,0
1182,0
1001,0
241,1
110,1
232,1
121,1
1429,0
270,1
1420,0
1373,0
454,1
148,1
115,1
914,0
1755,0
1178,0
274,1
277,1
707,1
793,1
1282,0
1569,0
556,1
1121,0
870,0
267,1
1730,0
1053,0
1700,0
493,1
598,1
1333,0
635,1
1430,0
322,1
1339,0
186,1
400,1
1648,0
1762,0
1170,0
543,1
1632,0
1152,0
1662,0
699,1
677,1
1357,0
42,1
272,1
855,0
342,1
509,1
1054,0
1467,0
804,1
471,1
736,1
393,1
1266,0
1081,0
1369,0
1540,0
497,1
1704,0
795,1
1658,0
1311,0
1255,0
1738,0
688,1
229,1
640,1
550,1
1564,0
1683,0
1071,0
557,1
1363,0
1154,0
827,1
1539,0
408,1
973,0
495,1
350,1
588,1
60,1
1085,0
196,1
427,1
465,1
1656,0
1326,0
371,1
632,1
1047,0
816,1
58,1
604,1
163,1
337,1
943,0
99,1
770,1
431,1
548,1
1097,0
773,1
379,1
1668,0
316,1
1244,0
15,1
149,1
642,1
194,1
1733,0
1578,0
389,1
1721,0
367,1
830,1
838,0
693,1
933,0
1642,0
958,0
1187,0
1312,0
1442,0
1768,0
1511,0
725,1
1390,0
504,1
114,1
1215,0
513,1
518,1
885,0
476,1
1682,0
225,1
1476,0
959,0
180,1
1526,0
686,1
1281,0
65,1
1354,0
210,1
857,0
1657,0
1498,0
1702,0
1736,0
344,1
1151,0
989,0
381,1
36,1
609,1
1276,0
593,1
449,1
1343,0
824,1
108,1
1235,0
1260,0
1159,0
608,1
1181,0
1590,0
1665,0
741,1
1203,0
1744,0
561,1
399,1
654,1
1689,0
915,0
470,1
1365,0
1427,0
1696,0
701,1
256,1
306,1
841,0
1148,0
1520,0
922,0
157,1
1258,0
505,1
848,0
127,1
704,1
1548,0
1740,0
1413,0
1691,0
1379,0
95,1
1758,0
765,1
54,1
1528,0
310,1
717,1
275,1
789,1
358,1
86,1
990,0
1504,0
620,1
281,1
806,1
216,1
1302,0
752,1
1445,0
1457,0
586,1
266,1
392,1
679,1
1351,0
1708,0
532,1
1521,0
808,1
1194,0
448,1
424,1
202,1
924,0
1131,0
1350,0
384,1
873,0
1485,0
1386,0
710,1
602,1
657,1
1104,0
957,0
101,1
1376,0
1377,0
828,1
1421,0
761,1
585,1
1013,0
16,1
1123,0
617,1
1079,0
82,1
1458,0
913,0
1678,0
279,1
854,0
1156,0
137,1
1066,0
787,1
1006,0
1041,0
220,1
780,1
339,1
748,1
351,1
1058,0
250,1
611,1
1374,0
187,1
1636,0
726,1
1236,0
949,0
20,1
569,1
1254,0
1615,0
1627,0
817,1
293,1
354,1
161,1
551,1
904,0
969,0
1472,0
666,1
1735,0
1188,0
343,1
856,0
1284,0
1257,0
1117,0
44,1
1124,0
460,1
946,0
1641,0
1319,0
329,1
1020,0
174,1
880,0
749,1
563,1
1449,0
762,1
538,1
1199,0
722,1
822,1
388,1
1212,0
682,1
791,1
539,1
901,0
1243,0
420,1
860,0
1134,0
1684,0
568,1
450,1
1193,0
529,1
33,1
455,1
819,1
976,0
1325,0
1191,0
628,1
1009,0
920,0
590,1
1448,0
1000,0
423,1
237,1
980,0
1103,0
146,1
584,1
265,1
533,1
900,0
1425,0
364,1
1138,0
676,1
73,1
965,0
130,1
1554,0
805,1
40,1
223,1
1537,0
1622,0
963,0
1126,0
527,1
104,1
1349,0
1025,0
1305,0
373,1
1725,0
582,1
684,1
683,1
1594,0
951,0
577,1
1496,0
517,1
1106,0
1381,0
1359,0
1710,0
1546,0
67,1
526,1
1414,0
87,1
1502,0
1346,0
6,1
1399,0
972,0
327,1
85,1
498,1
1004,0
1055,0
18,1
1649,0
1095,0
700,1
1646,0
754,1
1639,0
78,1
489,1
658,1
1501,0
1173,0
1544,0
1288,0
80,1
1617,0
259,1
1017,0
877,0
37,1
802,1
1538,0
1630,0
506,1
1294,0
184,1
981,0
831,1
1461,0
482,1
1766,0
862,0
750,1
881,0
777,1
613,1
1096,0
1711,0
1225,0
1086,0
760,1
651,1
660,1
798,1
1355,0
1410,0
768,1
494,1
1197,0
1507,0
514,1
967,0
705,1
631,1
52,1
457,1
283,1
1024,0
100,1
794,1
675,1
413,1
1317,0
206,1
76,1
8,1
889,0
743,1
843,0
1655,0
555,1
1402,0
238,1
1752,0
1300,0
1453,0
987,0
1573,0
479,1
570,1
1693,0
1562,0
63,1
826,1
1364,0
1039,0
1516,0
1338,0
818,1
939,0
523,1
1438,0
908,0
1380,0
366,1
734,1
1695,0
788,1
809,1
942,0
1591,0
212,1
1724,0
902,0
891,0
821,1
732,1
727,1
1042,0
218,1
1481,0
405,1
779,1
1347,0
